x,y
[50.0000000000000],[-0.00189086200653132],[1.56791625430557]
[50.0005360949600],[0.184248021543869],[1.57713522796620]
[49.9994364372325],[0.357723355684676],[1.58148374219532]
[49.9974131670942],[0.547029472143615],[1.58658089397041]
[49.9944666211210],[0.733686554548090],[1.59788448236921]
[49.9896518833565],[0.911386363600580],[1.60411753501261]
[49.9839228352361],[1.08325671115043],[1.61418933180896]
[49.9762814658475],[1.25924297140442],[1.61763571111551]
[49.9680523768172],[1.43480185757976],[1.62215571431888]
[49.9588624557121],[1.61357811983653],[1.62868802143808]
[49.9480724637471],[1.79975223866002],[1.63886297323409]
[49.9352130476731],[1.98838427933034],[1.64517185767586]
[49.9216345951823],[2.17061364555949],[1.64645297737066]
[49.9085139740706],[2.34370586706873],[1.65223525695739]
[49.8940824507553],[2.52052062192018],[1.66051469899450]
[49.8772279850141],[2.70787599118129],[1.67090411098256]
[49.8589364579999],[2.88998353692716],[1.67553708228595]
[49.8399033363229],[3.07103501853575],[1.68577515240830]
[49.8194856769151],[3.24782935605549],[1.69971042637081]
[49.7967117925701],[3.42350902082528],[1.70306688906807]
[49.7717094333693],[3.61142974042288],[1.70812309116264]
[49.7468023453529],[3.79165913458020],[1.71696099981633]
[49.7193999801862],[3.97779812223749],[1.72040722657208]
[49.6920638074106],[4.15914793557408],[1.72616999051305]
[49.6643120190236],[4.33632152521753],[1.73909438125244]
[49.6351621627492],[4.50788690357022],[1.75034079732853]
[49.6042098891151],[4.67842382867280],[1.75404219801647]
[49.5700957475340],[4.86250133981836],[1.76089016280463]
[49.5333680217708],[5.05337687519359],[1.76405982608587]
[49.4992709703770],[5.22760260077723],[1.77197845485108]
[49.4649656224810],[5.39581469209101],[1.77873048773271]
[49.4274480967187],[5.57363660604872],[1.79047106221722]
[49.3878658256205],[5.75091464448044],[1.80116572664476]
[49.3486037552895],[5.91831992376666],[1.80986707008427]
[49.3053286423706],[6.09587194557983],[1.82009632861526]
[49.2627901365542],[6.26295405293048],[1.82581898786138]
[49.2151433615088],[6.44571954122873],[1.83483830024697]
[49.1695496123512],[6.61436401872466],[1.83940426884560]
[49.1213804850368],[6.78935901319435],[1.84433410651583]
[49.0712394333049],[6.96806998446136],[1.85165085611284]
[49.0231077059379],[7.13491611065943],[1.85792457369949]
[48.9720340993536],[7.30787813866503],[1.86594033143533]
[48.9185791748610],[7.48370309815473],[1.86690547641662]
[48.8659259961253],[7.65629222519909],[1.87775582875030]
[48.8094992740619],[7.83430670340117],[1.88818883011899]
[48.7543245302219],[8.00226734789803],[1.89587554150646]
[48.6956609191201],[8.17632476874074],[1.90897614822615]
[48.6370880982259],[8.34287138135155],[1.90977149790137]
[48.5773065989536],[8.51242377249086],[1.92092098865705]
[48.5181908309465],[8.67430948223410],[1.92951372617464]
[48.4517575007545],[8.85149373841065],[1.93838471855476]
[48.3841101719499],[9.02715940819678],[1.94487089055821]
[48.3178761205679],[9.19588359112359],[1.95625631931362]
[48.2471628178883],[9.37015831589467],[1.96776348961788]
[48.1801563414499],[9.52999331000148],[1.97416604915649]
[48.1091556131783],[9.69636059465330],[1.98270901935227]
[48.0376645710669],[9.85999043917637],[1.99056962069516]
[47.9601271674753],[10.0337240030489],[2.00062937360439]
[47.8855047551227],[10.1965061243023],[2.00763289579828]
[47.8091329724344],[10.3600705544768],[2.01627337401930]
[47.7303555185268],[10.5250533713233],[2.02918780838486]
[47.6500413822355],[10.6878147944381],[2.03170789219742]
[47.5706291641660],[10.8477315872280],[2.03809303616388]
[47.4925403722039],[11.0024947186348],[2.04521735085988]
[47.4100127938737],[11.1631979576751],[2.05816492516213]
[47.3246200299996],[11.3243124789103],[2.06455701172477]
[47.2398515312587],[11.4818078556847],[2.07234350334978]
[47.1533682571128],[11.6395339277184],[2.08088317185943]
[47.0683893014964],[11.7914250740876],[2.08506401463039]
[46.9851564021262],[11.9387464254084],[2.08987138349067]
[46.8940908880602],[12.0981373662937],[2.09769372876838]
[46.8007296840406],[12.2586188538570],[2.10716037171734]
[46.7033137886945],[12.4224813149759],[2.11285507426027]
[46.6062902079745],[12.5835880803181],[2.12356832928144]
[46.5128602030624],[12.7350325793546],[2.13202395234884]
[46.4153871863990],[12.8900811892485],[2.14144048677790]
[46.3133625341699],[13.0490283637201],[2.14796125265838]
[46.2149976704199],[13.2000977051752],[2.15969338147826]
[46.1168217012780],[13.3470766469828],[2.16610219895662]
[46.0187887231086],[13.4918244144014],[2.17559612613678]
[45.9158478997364],[13.6407536269930],[2.18146181591034]
[45.8182644624730],[13.7801764839478],[2.18557395693872]
[45.7144497818354],[13.9272114888082],[2.18881250007440]
[45.6118860516056],[14.0714808471693],[2.19866611396099]
[45.5029277936949],[14.2215906319532],[2.20631065253342]
[45.3995858482941],[14.3616973136900],[2.21536090901105]
[45.2953219682596],[14.5004082512274],[2.22136700180083]
[45.1894293050534],[14.6395383665710],[2.22893388346068]
[45.0796095503524],[14.7815849458301],[2.23754014467870]
[44.9667593116402],[14.9249837439334],[2.24830519494013]
[44.8603084819383],[15.0572948469636],[2.25995255938151]
[44.7441089648812],[15.1983276160338],[2.26882343323455]
[44.6311807428413],[15.3329388213914],[2.27310611529948]
[44.5114772687113],[15.4743914002101],[2.27722150489829]
[44.3939342086346],[15.6121374185432],[2.28500874854619]
[44.2760903965964],[15.7480776107296],[2.29669309437822]
[44.1578043724155],[15.8813493631604],[2.30086800650776]
[44.0359827920670],[16.0174557704641],[2.30912052323984]
[43.9123876015741],[16.1532714896056],[2.31616760231587]
[43.7968963181663],[16.2783991472488],[2.32353109951752]
[43.6711914248380],[16.4125963444502],[2.33796422347501]
[43.5503678503123],[16.5379075182373],[2.34576460088569]
[43.4235530384913],[16.6673956382029],[2.35464647364169]
[43.2921779843163],[16.7991780648391],[2.36411641630788]
[43.1711874428430],[16.9182666772072],[2.37501897394351]
[43.0472573818892],[17.0376165774611],[2.37753422458105]
[42.9135384525830],[17.1657468656636],[2.38738923319601]
[42.7786628988457],[17.2924595922694],[2.39345539569434]
[42.6410804815582],[17.4201530145967],[2.39612251284103]
[42.5043031122974],[17.5464218827564],[2.40357898067919]
[42.3803580556623],[17.6591441768527],[2.41102269336812]
[42.2416630294533],[17.7834072202163],[2.41717935237854]
[42.1063137593097],[17.9031786714371],[2.42641132420168]
[41.9723112294320],[18.0195703596921],[2.42858337831027]
[41.8427715339638],[18.1315930170265],[2.43328416396111]
[41.7067024217222],[18.2481486962585],[2.43711193461374]
[41.5719841905058],[18.3626560960298],[2.44929448588678]
[41.4318267106892],[18.4788756716276],[2.45697531527052]
[41.2875902409775],[18.5966197703583],[2.46777054196738]
[41.1476620218190],[18.7083516451635],[2.47759256679592]
[41.0105317795025],[18.8156607773056],[2.48483724065873]
[40.8708790287620],[18.9233217398246],[2.48870454336155]
[40.7332331179735],[19.0285894259394],[2.50185866107138]
[40.5905655799150],[19.1347526833166],[2.50795730195168]
[40.4476291093438],[19.2397677489209],[2.51407653224710]
[40.3058750051317],[19.3425844487448],[2.52302801247125]
[40.1571537499051],[19.4484359560427],[2.53501287711502]
[40.0129896952257],[19.5484627470579],[2.54089238458480]
[39.8590317121758],[19.6539494187637],[2.54563174602969]
[39.7134424503533],[19.7526914853633],[2.55260318355149]
[39.5671535378623],[19.8504260953919],[2.55833884163300]
[39.4168989441472],[19.9495684182418],[2.56234270808306]
[39.2690521439434],[20.0462745612362],[2.57072879559536]
[39.1249130428153],[20.1388389613357],[2.57671039043296]
[38.9747579577825],[20.2340030176254],[2.58895180987779]
[38.8256132679034],[20.3259872065873],[2.60216293355624]
[38.6691488395292],[20.4196553716049],[2.61251834031366]
[38.5120382750787],[20.5115138671493],[2.61860863635070]
[38.3622388119736],[20.5978778837514],[2.62887451582486]
[38.2055096008148],[20.6861058900768],[2.63232241338915]
[38.0424393728816],[20.7771644713233],[2.64049985733557]
[37.8856744833783],[20.8630280933035],[2.65172153640972]
[37.7278713191915],[20.9471723080079],[2.65982296583077]
[37.5600542478020],[21.0349175207250],[2.66744894732036]
[37.4020543371055],[21.1160014675309],[2.67320262273970]
[37.2468124749360],[21.1945448709066],[2.67975151847026]
[37.0850042279187],[21.2750839457785],[2.68471190335907]
[36.9206798888324],[21.3558608316929],[2.69287619157130]
[36.7548207236349],[21.4357175422186],[2.70298191843266]
[36.5946658831839],[21.5108436893704],[2.71384004275204]
[36.4324395828843],[21.5848032647505],[2.72316383425056]
[36.2644605502366],[21.6595017515091],[2.72751913244026]
[36.1034115630629],[21.7302800190461],[2.73884874130128]
[35.9383665786956],[21.8005943617223],[2.75020457492024]
[35.7759928801433],[21.8676024895075],[2.75852980300751]
[35.6192631581276],[21.9307596385340],[2.76803774099662]
[35.4510076522409],[21.9967088195585],[2.77428996867235]
[35.2832300738757],[22.0612634749238],[2.78859257952643]
[35.1152173679377],[22.1231647412135],[2.79227677042097]
[34.9425902092676],[22.1860447734080],[2.80272879280276]
[34.7693528769848],[22.2471038453727],[2.81376588677501]
[34.6053959727174],[22.3028653369794],[2.82236984351287]
[34.4408118140272],[22.3572648595255],[2.83096021895026]
[34.2742934249075],[22.4107214212369],[2.83640253093477]
[34.1067431732951],[22.4635051465235],[2.84393856172398]
[33.9354722566260],[22.5160455356929],[2.85053383649955]
[33.7547450462046],[22.5701853095503],[2.85564566234015]
[33.5753330349184],[22.6229331880422],[2.86102658969740]
[33.3993004216720],[22.6736600301878],[2.87083236208849]
[33.2215157440581],[22.7230089382011],[2.88334188864184]
[33.0441817883309],[22.7698515939042],[2.89512245245892]
[32.8686108577603],[22.8140226681776],[2.90115077950830]
[32.6911312577159],[22.8575380198279],[2.91615784848007]
[32.5111510758999],[22.8988134144486],[2.91924581307216]
[32.3376831551807],[22.9380318946857],[2.92182966553980]
[32.1639669035680],[22.9768349929688],[2.93023064561926]
[31.9835063323648],[23.0155558298501],[2.94155530016880]
[31.8030932977113],[23.0521343785246],[2.94968972168821]
[31.6179349662915],[23.0881095087565],[2.95902759737865]
[31.4400622708573],[23.1209485018666],[2.96699131202532]
[31.2586961987415],[23.1529410281199],[2.97644610163484]
[31.0788504879998],[23.1829149203706],[2.98410289126236]
[30.9000499377712],[23.2113093213071],[2.99439037217966]
[30.7164407867068],[23.2385339307999],[2.99742236068486]
[30.5406717332420],[23.2640516480636],[3.00427646358479]
[30.3609059359655],[23.2888927313611],[3.01032075760615]
[30.1783202538531],[23.3129997324847],[3.02570278345679]
[30.0036365292882],[23.3333349252658],[3.03408688952467]
[29.8215921895945],[23.3529814877925],[3.04561511728939]
[29.6358716020043],[23.3708614274470],[3.05074458428118]
[29.4611874675262],[23.3867749479777],[3.05686668011289]
[29.2901064195182],[23.4013047402892],[3.06419315270261]
[29.1059335758257],[23.4155881603451],[3.06619792075917]
[28.9295398114174],[23.4289125776120],[3.07351900231908]
[28.7494167357915],[23.4411931884512],[3.07479536416957]
[28.5815967381885],[23.4524198116443],[3.08540687788577]
[28.4026684513717],[23.4624836284216],[3.09047915522002]
[28.2109752751256],[23.4722902790125],[3.09927188996510]
[28.0397837073970],[23.4795395653394],[3.11057756124689]
[27.8550804476927],[23.4852699915473],[3.11696032838270]
[27.6734482119377],[23.4897449209398],[3.12562445580429]
